,data_std,data_mean
0,3.6999349502532004,4.733102918586789
