,data_std,data_mean
0,4.7477953599229155,9.597542242703533
