,data_std,data_mean
0,5.264404826054482,14.364439324116743
