,data_std,data_mean
0,4.892194029349817,24.14400921658986
