,data_std,data_mean
0,5.290052396175694,19.233486943164362
