,data_std,data_mean
0,3.7887909975208065,28.94546850998464
