,data_std,data_mean
0,4.627318070904993,8.587557603686635
